{"cameraMode":{"drawMode":0,"name":"Shaded","section":"Shading Mode"},"sceneLighting":true,"audioPlay":false,"sceneViewState":{"m_AlwaysRefresh":false,"showFog":true,"showSkybox":true,"showFlares":true,"showImageEffects":true,"showParticleSystems":true,"showVisualEffectGraphs":true,"m_FxEnabled":true},"in2DMode":false,"pivot":{"x":-0.39144542813301089,"y":1.84649658203125,"z":-2.850468635559082},"rotation":{"x":0.15663863718509675,"y":-0.003426252631470561,"z":0.000542539928574115,"w":0.987654447555542},"size":0.7620629668235779,"orthographic":false}